"Latest: Time (s)";"Latest: Potential (V)";"Latest: Current (A)"
0,0001;0,871276855469;-0,0228691101074
0,0002;1,19609832764;-0,0189208984375
0,0003;1,46923065186;-0,0149917602539
0,0004;1,7333984375;-0,011043548584
0,0005;1,9458770752;-0,00679016113281
0,0006;2,12802886963;-0,00253677368164
0,0007;2,26764678955;0,00261306762695
0,0008;2,37083435059;0,00625610351563
0,0009;2,41947174072;0,0114250183105
0,001;2,39810943604;0,0153541564941
0,0011;2,31018066406;0,0193023681641
0,0012;2,19478607178;0,0226402282715
0,0013;2,02484130859;0,0256729125977
0,0014;1,82437896729;0,0281143188477
0,0015;1,58462524414;0,0293159484863
0,0016;1,31149291992;0,0311470031738
0,0017;1,00803375244;0,0314521789551
0,0018;0,667953491211;0,0314521789551
0,0019;0,331115722656;0,0308418273926
0,002;0,000190734863281;0,0296211242676
0,0021;-0,333595275879;0,0271987915039
0,0022;-0,664520263672;0,0241661071777
0,0023;-1,03492736816;0,0214385986328
0,0024;-1,3111114502;0,0174903869629
0,0025;-1,58729553223;0,0141525268555
0,0026;-1,833152771;0,0102043151855
0,0027;-2,03342437744;0,00564575195313
0,0028;-2,21252441406;0,00141143798828
0,0029;-2,32791900635;-0,00406265258789
0,003;-2,41603851318;-0,00801086425781
0,0031;-2,46143341064;-0,0128555297852
0,0032;-2,41298675537;-0,0161933898926
0,0033;-2,32486724854;-0,0201416015625
0,0034;-2,20050811768;-0,0234794616699
0,0035;-2,02751159668;-0,0262069702148
0,0036;-1,81789398193;-0,0283432006836
0,0037;-1,56917572021;-0,0298500061035
0,0038;-1,2866973877;-0,031681060791
0,0039;-0,974082946777;-0,0310707092285
0,004;-0,63419342041;-0,0322723388672
0,0041;-0,297355651855;-0,0301551818848
0,0042;0,03662109375;-0,0286483764648
0,0043;0,419044494629;-0,0271224975586
0,0044;0,704383850098;-0,0237846374512
0,0045;1,04446411133;-0,020751953125
0,0046;1,33876800537;-0,0171089172363
0,0047;1,6149520874;-0,0134658813477
0,0048;1,8518447876;-0,00890731811523
0,0049;2,04601287842;-0,00436782836914
0,005;2,21004486084;0,000190734863281
0,0051;2,33135223389;0,00505447387695
0,0052;2,39810943604;0,0092887878418
0,0053;2,4133682251;0,013542175293
0,0054;2,36473083496;0,0171852111816
0,0055;2,25849151611;0,0211334228516
0,0056;2,11277008057;0,0235557556152
0,0057;1,92470550537;0,0265884399414
0,0058;1,70917510986;0,0293159484863
0,0059;1,43890380859;0,0305366516113
0,006;1,16271972656;0,0314521789551
0,0061;0,834846496582;0,0314521789551
0,0062;0,494956970215;0,0311470031738
0,0063;0,161170959473;0,0296211242676
0,0064;-0,172805786133;0,0284194946289
0,0065;-0,506782531738;0,0259780883789
0,0066;-0,849723815918;0,023250579834
0,0067;-1,16844177246;0,0199127197266
0,0068;-1,4476776123;0,0162696838379
0,0069;-1,72386169434;0,0120162963867
0,007;-1,93328857422;0,00747680664063
0,0071;-2,13069915771;0,00322341918945
0,0072;-2,27336883545;-0,00164031982422
0,0073;-2,38552093506;-0,00556945800781
0,0074;-2,44026184082;-0,0101280212402
0,0075;-2,44026184082;-0,0143814086914
0,0076;-2,37655639648;-0,0183296203613
0,0077;-2,26421356201;-0,0219535827637
0,0078;-2,11238861084;-0,0247001647949
0,0079;-1,91516876221;-0,0280380249023
0,008;-1,69048309326;-0,029239654541
0,0081;-1,41429901123;-0,0307655334473
0,0082;-1,12895965576;-0,0310707092285
0,0083;-0,798034667969;-0,0313758850098
0,0084;-0,458145141602;-0,0307655334473
0,0085;-0,124168395996;-0,0295448303223
0,0086;0,215721130371;-0,0283432006836
0,0087;0,549697875977;-0,0250053405762
0,0088;0,892639160156;-0,0228691101074
0,0089;1,2113571167;-0,0189208984375
0,009;1,48754119873;-0,0146865844727
0,0091;1,74865722656;-0,0107383728027
0,0092;1,95808410645;-0,00648498535156
0,0093;2,14309692383;-0,00223159790039
0,0094;2,27375030518;0,0029182434082
0,0095;2,37693786621;0,00656127929688
0,0096;2,42233276367;0,0117301940918
0,0097;2,39505767822;0,0156593322754
0,0098;2,31018066406;0,0196075439453
0,0099;2,18868255615;0,0229454040527
0,01;2,01873779297;0,0256729125977
0,0101;1,81541442871;0,0281143188477
0,0102;1,5754699707;0,0293159484863
0,0103;1,29928588867;0,0311470031738
0,0104;0,995826721191;0,0308418273926
0,0105;0,655937194824;0,0314521789551
0,0106;0,321960449219;0,0308418273926
0,0107;-0,0150680541992;0,0290107727051
0,0108;-0,348854064941;0,0271987915039
0,0109;-0,679779052734;0,0241661071777
0,011;-1,0196685791;0,0217437744141
0,0111;-1,32312774658;0,0171852111816
0,0112;-1,59645080566;0,0141525268555
0,0113;-1,83925628662;0,0098991394043
0,0114;-2,04257965088;0,00534057617188
0,0115;-2,21862792969;0,00110626220703
0,0116;-2,33402252197;-0,00375747680664
0,0117;-2,41889953613;-0,00801086425781
0,0118;-2,45532989502;-0,0128555297852
0,0119;-2,40993499756;-0,0164985656738
0,012;-2,31876373291;-0,020751953125
0,0121;-2,19440460205;-0,0234794616699
0,0122;-2,01225280762;-0,0262069702148
0,0123;-1,80892944336;-0,029239654541
0,0124;-1,54781341553;-0,0298500061035
0,0125;-1,2716293335;-0,0313758850098
0,0126;-0,959014892578;-0,031681060791
0,0127;-0,613021850586;-0,031681060791
0,0128;-0,27904510498;-0,0301551818848
0,0129;0,0577926635742;-0,0283432006836
0,013;0,388717651367;-0,0265121459961
0,0131;0,725746154785;-0,0234794616699
0,0132;1,05953216553;-0,0204467773438
0,0133;1,35402679443;-0,0168037414551
0,0134;1,62715911865;-0,0128555297852
0,0135;1,86080932617;-0,00860214233398
0,0136;2,05516815186;-0,00436782836914
0,0137;2,2159576416;0,000495910644531
0,0138;2,33745574951;0,00534057617188
0,0139;2,40421295166;0,00959396362305
0,014;2,4133682251;0,0138473510742
0,0141;2,36473083496;0,0174903869629
0,0142;2,24933624268;0,0211334228516
0,0143;2,08549499512;0,0247764587402
0,0144;1,91249847412;0,0271987915039
0,0145;1,69696807861;0,0290107727051
0,0146;1,42383575439;0,0305366516113
0,0147;1,14459991455;0,0314521789551
0,0148;0,819778442383;0,0314521789551
0,0149;0,476837158203;0,0311470031738
0,015;0,14591217041;0,0296211242676
0,0151;-0,188064575195;0,0284194946289
0,0152;-0,521850585938;0,0256729125977
0,0153;-0,864791870117;0,023250579834
0,0154;-1,1926651001;0,0199127197266
0,0155;-1,46293640137;0,0162696838379
0,0156;-1,7391204834;0,0120162963867
0,0157;-1,94549560547;0,00686645507813
0,0158;-2,13966369629;0,0029182434082
0,0159;-2,27928161621;-0,00253677368164
0,016;-2,38552093506;-0,00587463378906
0,0161;-2,44331359863;-0,0104331970215
0,0162;-2,44026184082;-0,0146865844727
0,0163;-2,36129760742;-0,0189208984375
0,0164;-2,25811004639;-0,0222587585449
0,0165;-2,10933685303;-0,0250053405762
0,0166;-1,90906524658;-0,0283432006836
0,0167;-1,67827606201;-0,029239654541
0,0168;-1,40514373779;-0,0310707092285
0,0169;-1,11980438232;-0,0310707092285
0,017;-0,776863098145;-0,0310707092285
0,0171;-0,442886352539;-0,0310707092285
0,0172;-0,112152099609;-0,029239654541
0,0173;0,227928161621;-0,0283432006836
0,0174;0,564765930176;-0,0250053405762
0,0175;0,898742675781;-0,0228691101074
0,0176;1,22337341309;-0,0186157226563
0,0177;1,49364471436;-0,0146865844727
0,0178;1,75762176514;-0,0107383728027
0,0179;1,96399688721;-0,00617980957031
0,018;2,14614868164;-0,00192642211914
0,0181;2,27375030518;0,0029182434082
0,0182;2,3738861084;0,00686645507813
0,0183;2,42538452148;0,0117301940918
0,0184;2,39200592041;0,0156593322754
0,0185;2,30407714844;0,0196075439453
0,0186;2,18257904053;0,023250579834
0,0187;2,00653076172;0,0259780883789
0,0188;1,80625915527;0,0284194946289
0,0189;1,5604019165;0,0296211242676
0,019;1,28726959229;0,0311470031738
0,0191;0,974464416504;0,0308418273926
0,0192;0,637626647949;0,0314521789551
0,0193;0,303649902344;0,0308418273926
0,0194;-0,0331878662109;0,0290107727051
0,0195;-0,364112854004;0,0271987915039
0,0196;-0,700950622559;0,024471282959
0,0197;-1,04084014893;0,0214385986328
0,0198;-1,33838653564;0,0174903869629
0,0199;-1,61151885986;0,0138473510742
0,02;-1,84841156006;0,00959396362305
0,0201;-2,05478668213;0,00534057617188
0,0202;-2,22473144531;0,000801086425781
0,0203;-2,34909057617;-0,00497817993164
0,0204;-2,42195129395;-0,00831604003906
0,0205;-2,45838165283;-0,0131607055664
0,0206;-2,40688323975;-0,0168037414551
0,0207;-2,3157119751;-0,0210571289063
0,0208;-2,18830108643;-0,0234794616699
0,0209;-2,00309753418;-0,0262069702148
0,021;-1,79977416992;-0,0283432006836
0,0211;-1,53865814209;-0,0301551818848
0,0212;-1,26247406006;-0,0310707092285
0,0213;-0,946807861328;-0,031681060791
0,0214;-0,600814819336;-0,0313758850098
0,0215;-0,263786315918;-0,0298500061035
0,0216;0,0699996948242;-0,029239654541
0,0217;0,40397644043;-0,0262069702148
0,0218;0,740814208984;-0,0234794616699
0,0219;1,07479095459;-0,0201416015625
0,022;1,36299133301;-0,0164985656738
0,0221;1,6393661499;-0,0131607055664
0,0222;1,86996459961;-0,00831604003906
0,0223;2,06432342529;-0,00345230102539
0,0224;2,22206115723;0,000801086425781
0,0225;2,34050750732;0,00534057617188
0,0226;2,40421295166;0,0098991394043
0,0227;2,41031646729;0,0138473510742
0,0228;2,35557556152;0,0177955627441
0,0229;2,24342346191;0,0214385986328
0,023;2,09465026855;0,0241661071777
0,0231;1,9063949585;0,0271987915039
0,0232;1,68476104736;0,0290107727051
0,0233;1,41468048096;0,0308418273926
0,0234;1,12934112549;0,0314521789551
0,0235;0,801467895508;0,0314521789551
0,0236;0,458526611328;0,0311470031738
0,0237;0,130653381348;0,0290107727051
0,0238;-0,203132629395;0,0284194946289
0,0239;-0,540161132813;0,0250816345215
0,024;-0,883102416992;0,0229454040527
0,0241;-1,20182037354;0,0199127197266
0,0242;-1,48105621338;0,0156593322754
0,0243;-1,76639556885;0,0114250183105
0,0244;-1,96056365967;0,00686645507813
0,0245;-2,14576721191;0,0029182434082
0,0246;-2,28843688965;-0,00253677368164
0,0247;-2,38552093506;-0,00617980957031
0,0248;-2,44331359863;-0,0107383728027
0,0249;-2,4341583252;-0,0149917602539
0,025;-2,37045288086;-0,0186157226563
0,0251;-2,25505828857;-0,0222587585449
0,0252;-2,1032333374;-0,0250053405762
0,0253;-1,89990997314;-0,0280380249023
0,0254;-1,66625976563;-0,0295448303223
0,0255;-1,39293670654;-0,031681060791
0,0256;-1,10168457031;-0,031681060791
0,0257;-0,75855255127;-0,0310707092285
0,0258;-0,42781829834;-0,0307655334473
0,0259;-0,0907897949219;-0,029239654541
0,026;0,246047973633;-0,0274276733398
0,0261;0,580024719238;-0,0250053405762
0,0262;0,919914245605;-0,0225639343262
0,0263;1,27506256104;-0,0180244445801
0,0264;1,51176452637;-0,0146865844727
0,0265;1,76677703857;-0,0104331970215
0,0266;1,97925567627;-0,00587463378906
0,0267;2,15530395508;-0,00133514404297
0,0268;2,2798538208;0,0029182434082
0,0269;2,37998962402;0,00717163085938
0,027;2,42538452148;0,0120162963867
0,0271;2,39200592041;0,0153541564941
0,0272;2,29797363281;0,0199127197266
0,0273;2,17952728271;0,0235557556152
0,0274;2,00042724609;0,0259780883789
0,0275;1,79710388184;0,0284194946289
0,0276;1,54819488525;0,0299263000488
0,0277;1,27201080322;0,0311470031738
0,0278;0,962448120117;0,0308418273926
0,0279;0,625419616699;0,0314521789551
0,028;0,291633605957;0,0302314758301
0,0281;-0,0453948974609;0,0290107727051
0,0282;-0,376129150391;0,0271987915039
0,0283;-0,710105895996;0,0241661071777
0,0284;-1,0591506958;0,0211334228516
0,0285;-1,34754180908;0,0174903869629
0,0286;-1,6206741333;0,0138473510742
0,0287;-1,85737609863;0,00898361206055
0,0288;-2,0637512207;0,00534057617188
0,0289;-2,22778320313;0,000495910644531
0,029;-2,3401260376;-0,00406265258789
0,0291;-2,42500305176;-0,00860214233398
0,0292;-2,45227813721;-0,0131607055664
0,0293;-2,40383148193;-0,0171089172363
0,0294;-2,30674743652;-0,0213623046875
0,0295;-2,17914581299;-0,0237846374512
0,0296;-1,99394226074;-0,0265121459961
0,0297;-1,78451538086;-0,0283432006836
0,0298;-1,52359008789;-0,0301551818848
0,0299;-1,24435424805;-0,0310707092285
0,03;-0,934600830078;-0,0310707092285
0,0301;-0,582504272461;-0,031681060791
0,0302;-0,245666503906;-0,0298500061035
0,0303;0,118637084961;-0,0283432006836
0,0304;0,428199768066;-0,0262069702148
0,0305;0,759124755859;-0,0234794616699
0,0306;1,0929107666;-0,0201416015625
0,0307;1,38130187988;-0,0164985656738
0,0308;1,6544342041;-0,0128555297852
0,0309;1,88217163086;-0,00801086425781
0,031;2,07328796387;-0,00436782836914
0,0311;2,23121643066;0,000801086425781
0,0312;2,34661102295;0,00534057617188
0,0313;2,40726470947;0,0098991394043
0,0314;2,41031646729;0,0141525268555
0,0315;2,35557556152;0,0181007385254
0,0316;2,23731994629;0,0217437744141
0,0317;2,08549499512;0,0241661071777
0,0318;1,89723968506;0,0271987915039
0,0319;1,67274475098;0,0287246704102
0,032;1,40247344971;0,0305366516113
0,0321;1,11713409424;0,0314521789551
0,0322;0,786399841309;0,0314521789551
0,0323;0,449371337891;0,0311470031738
0,0324;0,112533569336;0,0293159484863
0,0325;-0,218391418457;0,0281143188477
0,0326;-0,552177429199;0,0250816345215
0,0327;-0,898170471191;0,0226402282715
0,0328;-1,21688842773;0,0193023681641
0,0329;-1,49326324463;0,0156593322754
0,033;-1,75724029541;0,0114250183105
0,0331;-1,96971893311;0,00717163085938
0,0332;-2,15492248535;0,00261306762695
0,0333;-2,29148864746;-0,00223159790039
0,0334;-2,39162445068;-0,00679016113281
0,0335;-2,44941711426;-0,011043548584
0,0336;-2,4341583252;-0,0152778625488
0,0337;-2,36129760742;-0,0186157226563
0,0338;-2,24895477295;-0,0222587585449
0,0339;-2,09121704102;-0,0253105163574
0,034;-1,88484191895;-0,0280380249023
0,0341;-1,65405273438;-0,0295448303223
0,0342;-1,37786865234;-0,031681060791
0,0343;-1,08032226563;-0,0313758850098
0,0344;-0,74348449707;-0,0310707092285
0,0345;-0,412559509277;-0,030460357666
0,0346;-0,0726699829102;-0,029239654541
0,0347;0,261306762695;-0,0274276733398
0,0348;0,592041015625;-0,0250053405762
0,0349;0,93822479248;-0,0219535827637
0,035;1,25389099121;-0,0180244445801
0,0351;1,52397155762;-0,0149917602539
0,0352;1,77898406982;-0,0101280212402
0,0353;1,98535919189;-0,00587463378906
0,0354;2,1614074707;-0,00133514404297
0,0355;2,28271484375;0,00322341918945
0,0356;2,38304138184;0,00747680664063
0,0357;2,42233276367;0,012321472168
0,0358;2,38609313965;0,0153541564941
0,0359;2,29187011719;0,0202178955078
0,036;2,17056274414;0,0235557556152
0,0361;1,98841094971;0,0262832641602
0,0362;1,78508758545;0,0284194946289
0,0363;1,53007507324;0,0296211242676
0,0364;1,25675201416;0,0311470031738
0,0365;0,944137573242;0,0311470031738
0,0366;0,604248046875;0,0314521789551
0,0367;0,27027130127;0,0299263000488
0,0368;-0,0635147094727;0,0290107727051
0,0369;-0,397491455078;0,0265884399414
0,037;-0,73127746582;0,0238609313965
0,0371;-1,07727050781;0,0211334228516
0,0372;-1,36260986328;0,0168800354004
0,0373;-1,63593292236;0,013542175293
0,0374;-1,8726348877;0,0086784362793
0,0375;-2,06985473633;0,0047492980957
0,0376;-2,23388671875;0,000495910644531
0,0377;-2,35214233398;-0,00436782836914
0,0378;-2,43110656738;-0,00890731811523
0,0379;-2,45227813721;-0,0131607055664
0,038;-2,40383148193;-0,0171089172363
0,0381;-2,30674743652;-0,0213623046875
0,0382;-2,16999053955;-0,0237846374512
0,0383;-1,98497772217;-0,0268173217773
0,0384;-1,77249908447;-0,0286483764648
0,0385;-1,50833129883;-0,0301551818848
0,0386;-1,23825073242;-0,0313758850098
0,0387;-0,916481018066;-0,0313758850098
0,0388;-0,570487976074;-0,031681060791
0,0389;-0,230407714844;-0,0298500061035
0,039;0,100326538086;-0,029239654541
0,0391;0,440406799316;-0,0262069702148
0,0392;0,780296325684;-0,0231742858887
0,0393;1,10511779785;-0,0201416015625
0,0394;1,39350891113;-0,0161933898926
0,0395;1,66358947754;-0,0125503540039
0,0396;1,88522338867;-0,00770568847656
0,0397;2,07939147949;-0,00375747680664
0,0398;2,23426818848;0,000801086425781
0,0399;2,34661102295;0,00564575195313
0,04;2,40421295166;0,0098991394043
0,0401;2,41031646729;0,0144577026367
0,0402;2,34355926514;0,0184059143066
0,0403;2,22511291504;0,0217437744141
0,0404;2,07633972168;0,0247764587402
0,0405;1,88522338867;0,0275039672852
0,0406;1,66053771973;0,0287246704102
0,0407;1,38740539551;0,0308418273926
0,0408;1,10206604004;0,0314521789551
0,0409;0,761985778809;0,0314521789551
0,041;0,422096252441;0,0308418273926
0,0411;0,0942230224609;0,0299263000488
0,0412;-0,236511230469;0,0278091430664
0,0413;-0,573539733887;0,0250816345215
0,0414;-0,916481018066;0,0223350524902
0,0415;-1,23519897461;0,0189971923828
0,0416;-1,50833129883;0,0153541564941
0,0417;-1,76944732666;0,0114250183105
0,0418;-1,98192596436;0,00717163085938
0,0419;-2,16999053955;0,00261306762695
0,042;-2,29759216309;-0,00253677368164
0,0421;-2,39162445068;-0,00648498535156
0,0422;-2,44941711426;-0,0116539001465
0,0423;-2,43110656738;-0,0152778625488
0,0424;-2,3551940918;-0,0189208984375
0,0425;-2,24285125732;-0,0225639343262
0,0426;-2,08206176758;-0,0253105163574
0,0427;-1,87873840332;-0,0277328491211
0,0428;-1,64184570313;-0,0295448303223
0,0429;-1,36566162109;-0,031681060791
0,043;-1,06830596924;-0,0313758850098
0,0431;-0,728225708008;-0,031681060791
0,0432;-0,391387939453;-0,030460357666
0,0433;-0,0604629516602;-0,029239654541
0,0434;0,276374816895;-0,0271224975586
0,0435;0,6103515625;-0,0247001647949
0,0436;0,956344604492;-0,0222587585449
0,0437;1,2659072876;-0,0180244445801
0,0438;1,53903961182;-0,0152778625488
0,0439;1,79405212402;-0,0101280212402
0,044;1,99451446533;-0,00556945800781
0,0441;2,16751098633;-0,00102996826172
0,0442;2,29187011719;0,00383377075195
0,0443;2,3889541626;0,00747680664063
0,0444;2,42233276367;0,012321472168
0,0445;2,38304138184;0,0156593322754
0,0446;2,28881835938;0,0202178955078
0,0447;2,15835571289;0,023250579834
0,0448;1,97925567627;0,0262832641602
0,0449;1,77593231201;0,0287246704102
0,045;1,51481628418;0,0299263000488
0,0451;1,24168395996;0,0314521789551
0,0452;0,929069519043;0,0311470031738
0,0453;0,592041015625;0,0314521789551
0,0454;0,258255004883;0,0299263000488
0,0455;-0,0787734985352;0,0287246704102
0,0456;-0,412559509277;0,0268936157227
0,0457;-0,746536254883;0,0238609313965
0,0458;-1,08642578125;0,0211334228516
0,0459;-1,37786865234;0,0168800354004
0,046;-1,64794921875;0,013542175293
0,0461;-1,88179016113;0,00839233398438
0,0462;-2,07901000977;0,00444412231445
0,0463;-2,24285125732;-0,000114440917969
0,0464;-2,35824584961;-0,00467300415039
0,0465;-2,42805480957;-0,00860214233398
0,0466;-2,45227813721;-0,0131607055664
0,0467;-2,39772796631;-0,0171089172363
0,0468;-2,29759216309;-0,0213623046875
0,0469;-2,15797424316;-0,0240898132324
0,047;-1,96971893311;-0,0271224975586
0,0471;-1,76334381104;-0,0289344787598
0,0472;-1,49021148682;-0,0301551818848
0,0473;-1,22299194336;-0,0313758850098
0,0474;-0,898170471191;-0,031681060791
0,0475;-0,549125671387;-0,0313758850098
0,0476;-0,218391418457;-0,0298500061035
0,0477;0,121688842773;-0,0286483764648
0,0478;0,455474853516;-0,0259017944336
0,0479;0,798416137695;-0,0231742858887
0,048;1,12323760986;-0,01953125
0,0481;1,40857696533;-0,0161933898926
0,0482;1,6788482666;-0,0119400024414
0,0483;1,89723968506;-0,00770568847656
0,0484;2,09159851074;-0,00345230102539
0,0485;2,2403717041;0,00110626220703
0,0486;2,35557556152;0,00564575195313
0,0487;2,41031646729;0,0105094909668
0,0488;2,41031646729;0,0144577026367
0,0489;2,34355926514;0,0186920166016
0,049;2,22511291504;0,0217437744141
0,0491;2,07023620605;0,0250816345215
0,0492;1,87606811523;0,0275039672852
0,0493;1,64833068848;0,0290107727051
0,0494;1,37825012207;0,0311470031738
0,0495;1,08985900879;0,0314521789551
0,0496;0,749969482422;0,0317573547363
0,0497;0,419044494629;0,0308418273926
0,0498;0,0852584838867;0,0296211242676
0,0499;-0,254821777344;0,0278091430664
0,05;-0,585556030273;0,0250816345215
0,0501;-0,925636291504;0,0223350524902
0,0502;-1,24435424805;0,0186920166016
0,0503;-1,51443481445;0,0153541564941
0,0504;-1,78146362305;0,0111198425293
0,0505;-1,98802947998;0,00656127929688
0,0506;-2,17609405518;0,0023078918457
0,0507;-2,3006439209;-0,00314712524414
0,0508;-2,3946762085;-0,00679016113281
0,0509;-2,45227813721;-0,0122451782227
0,051;-2,42500305176;-0,0152778625488
0,0511;-2,35214233398;-0,0192260742188
0,0512;-2,23388671875;-0,0225639343262
0,0513;-2,06985473633;-0,0253105163574
0,0514;-1,86653137207;-0,0280380249023
0,0515;-1,62982940674;-0,0298500061035
0,0516;-1,35059356689;-0,031681060791
0,0517;-1,04999542236;-0,0313758850098
0,0518;-0,713157653809;-0,0322723388672
0,0519;-0,373077392578;-0,0307655334473
0,052;-0,0392913818359;-0,0289344787598
0,0521;0,291633605957;-0,0274276733398
0,0522;0,628471374512;-0,0243949890137
0,0523;0,971603393555;-0,0219535827637
0,0524;1,27811431885;-0,0177192687988
0,0525;1,55429840088;-0,0146865844727
0,0526;1,80320739746;-0,00982284545898
0,0527;2,00347900391;-0,00556945800781
0,0528;2,1764755249;-0,00102996826172
0,0529;2,30102539063;0,00383377075195
0,053;2,3889541626;0,00808715820313
0,0531;2,41947174072;0,0126266479492
0,0532;2,37998962402;0,0162696838379
0,0533;2,28271484375;0,0202178955078
0,0534;2,15225219727;0,023250579834
0,0535;1,96704864502;0,0262832641602
0,0536;1,76677703857;0,0287246704102
0,0537;1,49974822998;0,0302314758301
0,0538;1,22947692871;0,0314521789551
0,0539;0,91381072998;0,0314521789551
0,054;0,580024719238;0,0314521789551
0,0541;0,239944458008;0,0296211242676
0,0542;-0,0938415527344;0,0287246704102
0,0543;-0,42781829834;0,0265884399414
0,0544;-0,761604309082;0,0238609313965
0,0545;-1,10168457031;0,0208282470703
0,0546;-1,39007568359;0,0168800354004
0,0547;-1,66320800781;0,0129318237305
0,0548;-1,89075469971;0,00839233398438
0,0549;-2,0881652832;0,00444412231445
0,055;-2,24285125732;-0,000419616699219
0,0551;-2,36434936523;-0,00436782836914
0,0552;-2,43110656738;-0,00921249389648
0,0553;-2,45227813721;-0,0134658813477
0,0554;-2,39772796631;-0,0174140930176
0,0555;-2,29454040527;-0,0213623046875
0,0556;-2,15492248535;-0,0240898132324
0,0557;-1,96361541748;-0,0274276733398
0,0558;-1,75113677979;-0,0286483764648
0,0559;-1,47800445557;-0,030460357666
0,056;-1,20792388916;-0,0310707092285
0,0561;-0,883102416992;-0,031681060791
0,0562;-0,537109375;-0,0310707092285
0,0563;-0,206184387207;-0,0295448303223
0,0564;0,13370513916;-0,0286483764648
0,0565;0,470733642578;-0,0259017944336
0,0566;0,810623168945;-0,0234794616699
0,0567;1,13544464111;-0,01953125
0,0568;1,42078399658;-0,0158882141113
0,0569;1,68781280518;-0,0116539001465
0,057;1,90334320068;-0,00740051269531
0,0571;2,09770202637;-0,00345230102539
0,0572;2,24628448486;0,0016975402832
0,0573;2,35557556152;0,00534057617188
0,0574;2,4133682251;0,0105094909668
0,0575;2,40421295166;0,014762878418
0,0576;2,33745574951;0,0186920166016
0,0577;2,21900939941;0,022029876709
0,0578;2,05821990967;0,0250816345215
0,0579;1,86080932617;0,0275039672852
0,058;1,63326263428;0,0290107727051
0,0581;1,36013031006;0,0308418273926
0,0582;1,06563568115;0,0311470031738
0,0583;0,722694396973;0,0311470031738
0,0584;0,400924682617;0,0311470031738
0,0585;0,0608444213867;0,0296211242676
0,0586;-0,269889831543;0,0278091430664
0,0587;-0,606918334961;0,0247764587402
0,0588;-0,943756103516;0,0223350524902
0,0589;-1,25942230225;0,0181007385254
0,059;-1,53865814209;0,014762878418
0,0591;-1,79061889648;0,0111198425293
0,0592;-2,00309753418;0,00625610351563
0,0593;-2,1821975708;0,00200271606445
0,0594;-2,31266021729;-0,00284194946289
0,0595;-2,40383148193;-0,00740051269531
0,0596;-2,45532989502;-0,0122451782227
0,0597;-2,42500305176;-0,0155830383301
0,0598;-2,34909057617;-0,01953125
0,0599;-2,23083496094;-0,0225639343262
0,06;-2,06089019775;-0,0253105163574
0,0601;-1,86042785645;-0,0280380249023
0,0602;-1,6206741333;-0,0295448303223
0,0603;-1,3111114502;-0,0310707092285
0,0604;-1,03797912598;-0,0313758850098
0,0605;-0,694847106934;-0,0322723388672
0,0606;-0,361061096191;-0,0307655334473
0,0607;-0,0240325927734;-0,0289344787598
0,0608;0,303649902344;-0,0271224975586
0,0609;0,643730163574;-0,0243949890137
0,061;0,980567932129;-0,0213623046875
0,0611;1,28726959229;-0,0177192687988
0,0612;1,56345367432;-0,0140762329102
0,0613;1,80931091309;-0,00982284545898
0,0614;2,01263427734;-0,00526428222656
0,0615;2,17952728271;-0,000724792480469
0,0616;2,30407714844;0,0041389465332
0,0617;2,3889541626;0,00839233398438
0,0618;2,41641998291;0,0126266479492
0,0619;2,37693786621;0,0165748596191
0,062;2,27680206299;0,0202178955078
0,0621;2,14614868164;0,023250579834
0,0622;1,96113586426;0,0262832641602
0,0623;1,75762176514;0,0287246704102
0,0624;1,48754119873;0,0302314758301
0,0625;1,21746063232;0,0311470031738
0,0626;0,895690917969;0,0314521789551
0,0627;0,555610656738;0,0311470031738
0,0628;0,224876403809;0,0296211242676
0,0629;-0,112152099609;0,0287246704102
0,063;-0,445938110352;0,0265884399414
0,0631;-0,779914855957;0,0238609313965
0,0632;-1,11980438232;0,0208282470703
0,0633;-1,40209197998;0,0168800354004
0,0634;-1,67827606201;0,0126266479492
0,0635;-1,89990997314;0,00808715820313
0,0636;-2,09732055664;0,0041389465332
0,0637;-2,25200653076;-0,00102996826172
0,0638;-2,36740112305;-0,00497817993164
0,0639;-2,4341583252;-0,00951766967773
0,064;-2,44941711426;-0,0137710571289
0,0641;-2,3946762085;-0,0177192687988
0,0642;-2,28843688965;-0,0213623046875
0,0643;-2,14576721191;-0,0243949890137
0,0644;-1,95159912109;-0,0277328491211
0,0645;-1,7391204834;-0,0286483764648
0,0646;-1,46579742432;-0,0307655334473
0,0647;-1,1926651001;-0,0310707092285
0,0648;-0,861930847168;-0,0313758850098
0,0649;-0,521850585938;-0,0310707092285
0,065;-0,185012817383;-0,0298500061035
0,0651;0,152015686035;-0,0286483764648
0,0652;0,48885345459;-0,0255966186523
0,0653;0,822830200195;-0,0234794616699
0,0654;1,15661621094;-0,01953125
0,0655;1,43299102783;-0,0155830383301
0,0656;1,70001983643;-0,0116539001465
0,0657;1,91555023193;-0,00740051269531
0,0658;2,10380554199;-0,00284194946289
0,0659;2,25238800049;0,0016975402832
0,066;2,35862731934;0,00564575195313
0,0661;2,4133682251;0,010814666748
0,0662;2,40421295166;0,0150680541992
0,0663;2,33745574951;0,0186920166016
0,0664;2,2159576416;0,0223350524902
0,0665;2,05211639404;0,0250816345215
0,0666;1,85489654541;0,0275039672852
0,0667;1,62410736084;0,0290107727051
0,0668;1,35097503662;0,0311470031738
0,0669;1,0534286499;0,0308418273926
0,067;0,716590881348;0,0314521789551
0,0671;0,385665893555;0,0308418273926
0,0672;0,048828125;0,0293159484863
0,0673;-0,285148620605;0,0278091430664
0,0674;-0,618934631348;0,0250816345215
0,0675;-0,962066650391;0,0223350524902
0,0676;-1,2716293335;0,0181007385254
0,0677;-1,5417098999;0,014762878418
0,0678;-1,79977416992;0,010814666748
0,0679;-2,00614929199;0,00625610351563
0,068;-2,18830108643;0,00200271606445
0,0681;-2,31266021729;-0,00284194946289
0,0682;-2,40688323975;-0,00740051269531
0,0683;-2,45532989502;-0,0122451782227
0,0684;-2,41889953613;-0,0158882141113
0,0685;-2,33707427979;-0,0198364257813
0,0686;-2,2216796875;-0,0228691101074
0,0687;-2,05173492432;-0,0255966186523
0,0688;-1,84535980225;-0,0280380249023
0,0689;-1,60541534424;-0,0298500061035
0,069;-1,32026672363;-0,0313758850098
0,0691;-1,02272033691;-0,0313758850098
0,0692;-0,679779052734;-0,031681060791
0,0693;-0,339698791504;-0,0301551818848
0,0694;-0,00286102294922;-0,0289344787598
0,0695;0,328063964844;-0,0268173217773
0,0696;0,667953491211;-0,0240898132324
0,0697;1,00193023682;-0,0210571289063
0,0698;1,30233764648;-0,0177192687988
0,0699;1,58157348633;-0,0140762329102
0,07;1,82437896729;-0,00921249389648
0,0701;2,02484130859;-0,00556945800781
0,0702;2,19173431396;-0,000419616699219
0,0703;2,31323242188;0,0041389465332
0,0704;2,39505767822;0,00898361206055
0,0705;2,42233276367;0,0129318237305
0,0706;2,3738861084;0,0165748596191
0,0707;2,27375030518;0,0208282470703
0,0708;2,13718414307;0,0229454040527
0,0709;1,95503234863;0,0268936157227
0,071;1,74560546875;0,0287246704102
0,0711;1,47838592529;0,0305366516113
0,0712;1,20525360107;0,0311470031738
0,0713;0,883483886719;0,0314521789551
0,0714;0,540542602539;0,0314521789551
0,0715;0,206565856934;0,0299263000488
0,0716;-0,124168395996;0,0287246704102
0,0717;-0,461196899414;0,0259780883789
0,0718;-0,801086425781;0,0238609313965
0,0719;-1,12895965576;0,0205230712891
0,072;-1,41429901123;0,0165748596191
0,0721;-1,69048309326;0,0126266479492
0,0722;-1,90906524658;0,00778198242188
0,0723;-2,1032333374;0,0041389465332
0,0724;-2,25811004639;-0,00133514404297
0,0725;-2,36740112305;-0,00526428222656
0,0726;-2,43110656738;-0,00951766967773
0,0727;-2,44331359863;-0,0137710571289
0,0728;-2,38857269287;-0,0177192687988
0,0729;-2,28233337402;-0,0216674804688
0,073;-2,13966369629;-0,0243949890137
0,0731;-1,94549560547;-0,0277328491211
0,0732;-1,72386169434;-0,0289344787598
0,0733;-1,45378112793;-0,0310707092285
0,0734;-1,17454528809;-0,0313758850098
0,0735;-0,849723815918;-0,0313758850098
0,0736;-0,506782531738;-0,0310707092285
0,0737;-0,166702270508;-0,0295448303223
0,0738;0,167083740234;-0,0280380249023
0,0739;0,504112243652;-0,0255966186523
0,074;0,84400177002;-0,0234794616699
0,0741;1,171875;-0,0192260742188
0,0742;1,44805908203;-0,0152778625488
0,0743;1,71527862549;-0,011043548584
0,0744;1,93367004395;-0,00679016113281
0,0745;2,11582183838;-0,00253677368164
0,0746;2,2554397583;0,0016975402832
0,0747;2,36473083496;0,00625610351563
0,0748;2,41641998291;0,010814666748
0,0749;2,40421295166;0,014762878418
0,075;2,32830047607;0,0189971923828
0,0751;2,21004486084;0,0226402282715
0,0752;2,03990936279;0,0256729125977
0,0753;1,84268951416;0,0278091430664
0,0754;1,60903930664;0,0296211242676
0,0755;1,33571624756;0,0311470031738
0,0756;1,04141235352;0,0308418273926
0,0757;0,701332092285;0,0314521789551
0,0758;0,367546081543;0,0308418273926
0,0759;0,030517578125;0,0296211242676
0,076;-0,303268432617;0,0275039672852
0,0761;-0,63419342041;0,0250816345215
0,0762;-0,980186462402;0,0217437744141
0,0763;-1,2866973877;0,0181007385254
0,0764;-1,55696868896;0,0144577026367
0,0765;-1,80892944336;0,0105094909668
0,0766;-2,01835632324;0,00625610351563
0,0767;-2,19745635986;0,0016975402832
0,0768;-2,31876373291;-0,00284194946289
0,0769;-2,41603851318;-0,00740051269531
0,077;-2,45532989502;-0,0122451782227
0,0771;-2,41889953613;-0,0155830383301
0,0772;-2,33402252197;-0,0204467773438
0,0773;-2,21557617188;-0,0228691101074
0,0774;-2,03952789307;-0,0262069702148
0,0775;-1,83925628662;-0,0283432006836
0,0776;-1,59339904785;-0,0298500061035
0,0777;-1,31416320801;-0,0310707092285
0,0778;-1,01051330566;-0,031681060791
0,0779;-0,664520263672;-0,0319862365723
0,078;-0,327682495117;-0,0301551818848
0,0781;0,00934600830078;-0,029239654541
0,0782;0,337219238281;-0,0268173217773
0,0783;0,692176818848;-0,0237846374512
0,0784;1,0139465332;-0,0210571289063
0,0785;1,31454467773;-0,0174140930176
0,0786;1,59072875977;-0,0137710571289
0,0787;1,83353424072;-0,00921249389648
0,0788;2,02789306641;-0,00556945800781
0,0789;2,19478607178;-0,000114440917969
0,079;2,31323242188;0,0047492980957
0,0791;2,39505767822;0,0086784362793
0,0792;2,41641998291;0,0129318237305
0,0793;2,36778259277;0,0168800354004
0,0794;2,26459503174;0,0208282470703
0,0795;2,12497711182;0,023250579834
0,0796;1,94282531738;0,0265884399414
0,0797;1,73034667969;0,0287246704102
0,0798;1,46331787109;0,0305366516113
0,0799;1,1869430542;0,0314521789551
0,08;0,862312316895;0,0314521789551
0,0801;0,522232055664;0,0314521789551
0,0802;0,191497802734;0,0296211242676
0,0803;-0,185012817383;0,0281143188477
0,0804;-0,479316711426;0,0256729125977
0,0805;-0,822448730469;0,023250579834
0,0806;-1,14707946777;0,0202178955078
0,0807;-1,43241882324;0,0162696838379
0,0808;-1,70269012451;0,0126266479492
0,0809;-1,92127227783;0,00808715820313
0,081;-2,11544036865;0,00383377075195
0,0811;-2,26726531982;-0,00164031982422
0,0812;-2,37350463867;-0,00556945800781
0,0813;-2,43721008301;-0,00982284545898
0,0814;-2,44636535645;-0,0140762329102
0,0815;-2,38552093506;-0,0177192687988
0,0816;-2,2762298584;-0,0213623046875
0,0817;-2,13375091553;-0,0247001647949
0,0818;-1,93328857422;-0,0277328491211
0,0819;-1,7147064209;-0,029239654541
0,082;-1,44157409668;-0,0310707092285
0,0821;-1,15928649902;-0,0313758850098
0,0822;-0,82836151123;-0,0313758850098
0,0823;-0,488471984863;-0,0310707092285
0,0824;-0,154685974121;-0,0295448303223
0,0825;0,182342529297;-0,0277328491211
0,0826;0,516128540039;-0,0255966186523
0,0827;0,859260559082;-0,0228691101074
0,0828;1,18103027344;-0,0189208984375
0,0829;1,46026611328;-0,0152778625488
0,083;1,72424316406;-0,011043548584
0,0831;1,93977355957;-0,00679016113281
0,0832;2,121925354;-0,00253677368164
0,0833;2,26154327393;0,00200271606445
0,0834;2,36778259277;0,00656127929688
0,0835;2,41641998291;0,0114250183105
0,0836;2,39810943604;0,0144577026367
0,0837;2,31609344482;0,0189971923828
0,0838;2,2008895874;0,0223350524902
0,0839;2,03094482422;0,0256729125977
0,084;1,83658599854;0,0278091430664
0,0841;1,59378051758;0,0296211242676
0,0842;1,32064819336;0,0311470031738
0,0843;1,02310180664;0,0314521789551
0,0844;0,683212280273;0,0317573547363
0,0845;0,349235534668;0,0308418273926
0,0846;0,0154495239258;0,0296211242676
0,0847;-0,31852722168;0,0275039672852
0,0848;-0,652313232422;0,0247764587402
0,0849;-0,995445251465;0,0217437744141
0,085;-1,29890441895;0,0177955627441
0,0851;-1,57203674316;0,0144577026367
0,0852;-1,82094573975;0,00959396362305
0,0853;-2,02445983887;0,00595092773438
0,0854;-2,20355987549;0,00141143798828
0,0855;-2,32486724854;-0,00314712524414
0,0856;-2,41889953613;-0,00770568847656
0,0857;-2,45532989502;-0,0125503540039
0,0858;-2,41603851318;-0,0158882141113
0,0859;-2,32791900635;-0,020751953125
0,086;-2,20355987549;-0,0228691101074
0,0861;-2,02751159668;-0,0262069702148
0,0862;-1,82399749756;-0,0283432006836
0,0863;-1,57814025879;-0,0298500061035
0,0864;-1,29585266113;-0,0310707092285
0,0865;-0,992393493652;-0,0313758850098
0,0866;-0,64640045166;-0,0319862365723
0,0867;-0,309371948242;-0,0301551818848
0,0868;0,0244140625;-0,0295448303223
0,0869;0,355339050293;-0,0268173217773
0,087;0,69522857666;-0,0237846374512
0,0871;1,03225708008;-0,020751953125
0,0872;1,33571624756;-0,0171089172363
0,0873;1,60293579102;-0,0131607055664
0,0874;1,84268951416;-0,00860214233398
0,0875;2,03990936279;-0,00497817993164
0,0876;2,20699310303;-0,000114440917969
0,0877;2,32830047607;0,00444412231445
0,0878;2,40116119385;0,00898361206055
0,0879;2,41641998291;0,013542175293
0,088;2,36778259277;0,0174903869629
0,0881;2,25849151611;0,0211334228516
0,0882;2,11887359619;0,0235557556152
0,0883;1,92756652832;0,0268936157227
0,0884;1,72119140625;0,0287246704102
0,0885;1,45111083984;0,0305366516113
0,0886;1,17797851563;0,0314521789551
0,0887;0,847053527832;0,0314521789551
0,0888;0,510215759277;0,0314521789551
0,0889;0,176239013672;0,0299263000488
0,089;-0,160598754883;0,0284194946289
0,0891;-0,491523742676;0,0256729125977
0,0892;-0,834465026855;0,0235557556152
0,0893;-1,15623474121;0,0199127197266
0,0894;-1,44157409668;0,0165748596191
0,0895;-1,7147064209;0,012321472168
0,0896;-1,92718505859;0,00808715820313
0,0897;-2,12459564209;0,00322341918945
0,0898;-2,26726531982;-0,00164031982422
0,0899;-2,3796081543;-0,00556945800781
0,09;-2,4341583252;-0,0101280212402
0,0901;-2,44026184082;-0,0140762329102
0,0902;-2,3796081543;-0,0180244445801
0,0903;-2,26726531982;-0,0216674804688
0,0904;-2,12154388428;-0,0250053405762
0,0905;-1,92127227783;-0,0271224975586
0,0906;-1,70269012451;-0,029239654541
0,0907;-1,42345428467;-0,0310707092285
0,0908;-1,14116668701;-0,0310707092285
0,0909;-0,810241699219;-0,031681060791
0,091;-0,473403930664;-0,0307655334473
0,0911;-0,136375427246;-0,0295448303223
0,0912;0,200462341309;-0,0277328491211
0,0913;0,531387329102;-0,0253105163574
0,0914;0,877380371094;-0,0228691101074
0,0915;1,19915008545;-0,0186157226563
0,0916;1,47533416748;-0,0155830383301
0,0917;1,73645019531;-0,011043548584
0,0918;1,95198059082;-0,00679016113281
0,0919;2,13413238525;-0,00192642211914
0,092;2,26764678955;0,00261306762695
0,0921;2,37083435059;0,00686645507813
0,0922;2,42233276367;0,0114250183105
0,0923;2,40116119385;0,0150680541992
0,0924;2,31609344482;0,0193023681641
0,0925;2,19478607178;0,0226402282715
0,0926;2,02484130859;0,0256729125977
0,0927;1,8274307251;0,0281143188477
0,0928;1,58462524414;0,0299263000488
0,0929;1,30844116211;0,0311470031738
0,093;1,00498199463;0,0308418273926
0,0931;0,667953491211;0,0314521789551
0,0932;0,331115722656;0,0305366516113
0,0933;0,000190734863281;0,0290107727051
0,0934;-0,333595275879;0,0275039672852
0,0935;-0,670623779297;0,0247764587402
0,0936;-1,01356506348;0,022029876709
0,0937;-1,31416320801;0,0174903869629
0,0938;-1,58729553223;0,0141525268555
0,0939;-1,83010101318;0,0092887878418
0,094;-2,03647613525;0,00564575195313
0,0941;-2,20642089844;0,00141143798828
0,0942;-2,33097076416;-0,00375747680664
0,0943;-2,41889953613;-0,00860214233398
0,0944;-2,45838165283;-0,0125503540039
0,0945;-2,41298675537;-0,0164985656738
0,0946;-2,32486724854;-0,020751953125
0,0947;-2,19745635986;-0,0231742858887
0,0948;-2,02140808105;-0,0265121459961
0,0949;-1,81789398193;-0,0283432006836
0,095;-1,55696868896;-0,0295448303223
0,0951;-1,2866973877;-0,0310707092285
0,0952;-0,974082946777;-0,0310707092285
0,0953;-0,628089904785;-0,0313758850098
0,0954;-0,294303894043;-0,0301551818848
0,0955;0,042724609375;-0,029239654541
0,0956;0,373458862305;-0,0265121459961
0,0957;0,713539123535;-0,0237846374512
0,0958;1,04446411133;-0,020751953125
0,0959;1,344871521;-0,0171089172363
0,096;1,6149520874;-0,0131607055664
0,0961;1,84879302979;-0,00890731811523
0,0962;2,04601287842;-0,00467300415039
0,0963;2,21004486084;0,000495910644531
0,0964;2,33135223389;0,0047492980957
0,0965;2,39810943604;0,00959396362305
0,0966;2,41641998291;0,0138473510742
0,0967;2,36167907715;0,0174903869629
0,0968;2,25238800049;0,0211334228516
0,0969;2,10971832275;0,0238609313965
0,097;1,91860198975;0,0271987915039
0,0971;1,70612335205;0,0284194946289
0,0972;1,43585205078;0,0305366516113
0,0973;1,16271972656;0,0314521789551
0,0974;0,831985473633;0,0314521789551
0,0975;0,491905212402;0,0311470031738
0,0976;0,15811920166;0,0299263000488
0,0977;-0,178909301758;0,0284194946289
0,0978;-0,509643554688;0,0253677368164
0,0979;-0,85277557373;0,023250579834
0,098;-1,17454528809;0,0199127197266
0,0981;-1,45988464355;0,0162696838379
0,0982;-1,72691345215;0,0120162963867
0,0983;-1,93939208984;0,00717163085938
0,0984;-2,13966369629;0,00322341918945
0,0985;-2,2762298584;-0,00192642211914
0,0986;-2,38246917725;-0,00587463378906
0,0987;-2,44026184082;-0,011043548584
0,0988;-2,44026184082;-0,0146865844727
0,0989;-2,37350463867;-0,0183296203613
0,099;-2,27031707764;-0,0219535827637
0,0991;-2,11544036865;-0,0250053405762
0,0992;-1,91822052002;-0,0274276733398
0,0993;-1,69353485107;-0,029239654541
0,0994;-1,41735076904;-0,0310707092285
0,0995;-1,12590789795;-0,0310707092285
0,0996;-0,798034667969;-0,031681060791
0,0997;-0,455093383789;-0,0307655334473
0,0998;-0,121116638184;-0,0295448303223
0,0999;0,215721130371;-0,0277328491211
0,1;0,549697875977;-0,0250053405762
